1.0,Country,1.0
2.0,Country,0
3.0,Country,0
4.0,Country,0
5.0,Country,0
7.0,Country,1.0
9.0,Country,0
10.0,Country,0
11.0,Country,1.0
12.0,Country,0
13.0,Country,0
14.0,Country,0
15.0,Country,1.0
17.0,Country,0
18.0,Country,0
19.0,Country,0
20.0,Country,0
21.0,Country,0
23.0,Country,0
25.0,Country,0
26.0,Country,1.0
27.0,Country,0
28.0,Country,0
29.0,Country,0
31.0,Country,0
32.0,Country,0
33.0,Country,0
34.0,Country,1.0
35.0,Country,0
36.0,Country,0
37.0,Country,0
38.0,Country,0
40.0,Country,1.0
41.0,Country,0
43.0,Country,0
44.0,Country,0
45.0,Country,0
46.0,Country,0
47.0,Country,1.0
48.0,Country,1.0
49.0,Country,1.0
50.0,Country,1.0
52.0,Country,0
53.0,Country,1.0
54.0,Country,1.0
55.0,Country,1.0
57.0,Country,0
58.0,Country,0
59.0,Country,1.0
60.0,Country,0
61.0,Country,0
62.0,Country,1.0
63.0,Country,0
65.0,Country,0
66.0,Country,1.0
67.0,Country,1.0
68.0,Country,0
69.0,Country,0
70.0,Country,1.0
71.0,Country,0
72.0,Country,0
73.0,Country,0
74.0,Country,1.0
75.0,Country,0
76.0,Country,1.0
77.0,Country,0
78.0,Country,0
79.0,Country,1.0
80.0,Country,0
81.0,Country,0
82.0,Country,1.0
83.0,Country,0
84.0,Country,0
85.0,Country,0
87.0,Country,0
89.0,Country,0
90.0,Country,0
91.0,Country,0
94.0,Country,0
95.0,Country,0
96.0,Country,0
97.0,Country,0
98.0,Country,0
99.0,Country,0
100.0,Country,1.0
101.0,Country,1.0
102.0,Country,1.0
103.0,Country,0
106.0,Country,1.0
108.0,Country,1.0
109.0,Country,0
112.0,Country,0
113.0,Country,0
114.0,Country,1.0
115.0,Country,1.0
116.0,Country,0
117.0,Country,0
118.0,Country,1.0
119.0,Country,0
120.0,Country,0
121.0,Country,0
122.0,Country,0
123.0,Country,0
124.0,Country,0
125.0,Country,0
126.0,Country,0
127.0,Country,0
130.0,Country,1.0
132.0,Country,0
133.0,Country,1.0
134.0,Country,0
136.0,Country,0
137.0,Country,1.0
138.0,Country,0
139.0,Country,0
141.0,Country,1.0
142.0,Country,0
143.0,Country,0
145.0,Country,0
146.0,Country,1.0
147.0,Country,1.0
148.0,Country,0
149.0,Country,0
150.0,Country,0
152.0,Country,0
154.0,Country,0
155.0,Country,1.0
156.0,Country,0
157.0,Country,0
160.0,Country,1.0
161.0,Country,1.0
162.0,Country,0
163.0,Country,0
164.0,Country,0
166.0,Country,0
169.0,Country,0
170.0,Country,1.0
171.0,Country,1.0
172.0,Country,1.0
174.0,Country,1.0
175.0,Country,0
176.0,Country,0
177.0,Country,0
178.0,Country,0
179.0,Country,0
182.0,Country,0
184.0,Country,1.0
185.0,Country,0
186.0,Country,0
187.0,Country,0
188.0,Country,1.0
189.0,Country,0
190.0,Country,0
191.0,Country,0
192.0,Country,0
195.0,Country,0
196.0,Country,0
197.0,Country,0
198.0,Country,1.0
199.0,Country,0
200.0,Country,0
201.0,Country,0
202.0,Country,0
203.0,Country,1.0
204.0,Country,0
205.0,Country,0
206.0,Country,0
207.0,Country,0
208.0,Country,0
210.0,Country,1.0
211.0,Country,1.0
212.0,Country,0
213.0,Country,0
214.0,Country,0
216.0,Country,0
217.0,Country,0
218.0,Country,1.0
219.0,Country,1.0
220.0,Country,0
221.0,Country,1.0
223.0,Country,0
224.0,Country,0
226.0,Country,0
227.0,Country,0
228.0,Country,0
229.0,Country,0
231.0,Country,1.0
232.0,Country,0
233.0,Country,0
235.0,Country,0
236.0,Country,0
237.0,Country,1.0
238.0,Country,0
239.0,Country,1.0
240.0,Country,0
241.0,Country,0
242.0,Country,0
243.0,Country,0
245.0,Country,0
246.0,Country,0
247.0,Country,0
248.0,Country,1.0
249.0,Country,1.0
250.0,Country,0
251.0,Country,0
252.0,Country,0
253.0,Country,0
254.0,Country,0
255.0,Country,1.0
257.0,Country,0
258.0,Country,0
259.0,Country,0
260.0,Country,0
262.0,Country,1.0
263.0,Country,1.0
264.0,Country,0
265.0,Country,0
267.0,Country,1.0
268.0,Country,0
269.0,Country,0
270.0,Country,0
272.0,Country,0
273.0,Country,0
274.0,Country,1.0
275.0,Country,0
276.0,Country,1.0
277.0,Country,0
278.0,Country,1.0
280.0,Country,1.0
281.0,Country,1.0
282.0,Country,1.0
283.0,Country,0
284.0,Country,1.0
285.0,Country,0
286.0,Country,1.0
287.0,Country,1.0
288.0,Country,0
289.0,Country,1.0
291.0,Country,0
292.0,Country,0
293.0,Country,0
294.0,Country,0
295.0,Country,1.0
296.0,Country,1.0
297.0,Country,0
298.0,Country,0
299.0,Country,0
300.0,Country,1.0
301.0,Country,0
302.0,Country,0
303.0,Country,0
304.0,Country,1.0
305.0,Country,0
306.0,Country,1.0
307.0,Country,0
308.0,Country,0
309.0,Country,0
310.0,Country,0
311.0,Country,0
313.0,Country,0
314.0,Country,0
315.0,Country,0
316.0,Country,1.0
317.0,Country,0
319.0,Country,1.0
320.0,Country,1.0
323.0,Country,0
325.0,Country,0
326.0,Country,0
327.0,Country,1.0
329.0,Country,0
330.0,Country,1.0
331.0,Country,0
332.0,Country,0
333.0,Country,0
334.0,Country,0
335.0,Country,1.0
336.0,Country,1.0
339.0,Country,0
340.0,Country,0
341.0,Country,0
342.0,Country,1.0
343.0,Country,0
344.0,Country,0
345.0,Country,0
346.0,Country,0
347.0,Country,0
348.0,Country,0
349.0,Country,0
350.0,Country,0
351.0,Country,0
352.0,Country,0
353.0,Country,0
356.0,Country,1.0
357.0,Country,1.0
358.0,Country,0
360.0,Country,0
361.0,Country,0
362.0,Country,1.0
365.0,Country,0
366.0,Country,1.0
367.0,Country,0
368.0,Country,0
370.0,Country,0
371.0,Country,0
372.0,Country,0
373.0,Country,0
375.0,Country,0
376.0,Country,0
378.0,Country,0
379.0,Country,1.0
380.0,Country,1.0
381.0,Country,0
382.0,Country,1.0
385.0,Country,0
386.0,Country,0
388.0,Country,1.0
389.0,Country,0
390.0,Country,1.0
391.0,Country,0
392.0,Country,0
393.0,Country,0
394.0,Country,0
395.0,Country,1.0
396.0,Country,0
397.0,Country,1.0
398.0,Country,0
400.0,Country,0
401.0,Country,0
402.0,Country,1.0
403.0,Country,0
404.0,Country,0
405.0,Country,1.0
406.0,Country,1.0
407.0,Country,0
408.0,Country,0
410.0,Country,0
411.0,Country,1.0
412.0,Country,0
413.0,Country,1.0
414.0,Country,0
415.0,Country,0
416.0,Country,0
417.0,Country,0
418.0,Country,0
419.0,Country,1.0
421.0,Country,1.0
422.0,Country,0
423.0,Country,0
424.0,Country,1.0
425.0,Country,0
426.0,Country,1.0
427.0,Country,0
428.0,Country,0
430.0,Country,1.0
431.0,Country,0
432.0,Country,1.0
434.0,Country,0
435.0,Country,0
436.0,Country,0
437.0,Country,0
438.0,Country,0
439.0,Country,0
440.0,Country,1.0
441.0,Country,0
443.0,Country,0
444.0,Country,1.0
445.0,Country,0
446.0,Country,1.0
447.0,Country,0
450.0,Country,1.0
451.0,Country,0
452.0,Country,0
454.0,Country,1.0
455.0,Country,0
456.0,Country,1.0
457.0,Country,0
458.0,Country,0
459.0,Country,1.0
460.0,Country,0
461.0,Country,1.0
462.0,Country,1.0
463.0,Country,1.0
464.0,Country,0
465.0,Country,1.0
466.0,Country,1.0
467.0,Country,0
468.0,Country,1.0
469.0,Country,0
470.0,Country,0
471.0,Country,1.0
472.0,Country,1.0
473.0,Country,0
474.0,Country,1.0
475.0,Country,0
477.0,Country,0
478.0,Country,1.0
479.0,Country,0
480.0,Country,0
482.0,Country,0
483.0,Country,0
484.0,Country,0
485.0,Country,0
486.0,Country,0
487.0,Country,0
488.0,Country,0
490.0,Country,0
493.0,Country,0
494.0,Country,0
495.0,Country,0
496.0,Country,0
497.0,Country,0
498.0,Country,1.0
499.0,Country,0
500.0,Country,1.0
501.0,Country,0
502.0,Country,0
503.0,Country,1.0
504.0,Country,0
507.0,Country,0
508.0,Country,0
511.0,Country,1.0
512.0,Country,0
513.0,Country,0
514.0,Country,1.0
516.0,Country,0
517.0,Country,1.0
518.0,Country,1.0
519.0,Country,0
521.0,Country,1.0
522.0,Country,0
523.0,Country,0
524.0,Country,1.0
525.0,Country,0
527.0,Country,0
528.0,Country,0
529.0,Country,0
530.0,Country,0
532.0,Country,0
533.0,Country,0
535.0,Country,1.0
536.0,Country,1.0
537.0,Country,0
538.0,Country,1.0
539.0,Country,0
540.0,Country,0
542.0,Country,1.0
543.0,Country,0
544.0,Country,0
547.0,Country,1.0
549.0,Country,0
550.0,Country,0
551.0,Country,0
553.0,Country,0
554.0,Country,0
555.0,Country,0
558.0,Country,1.0
559.0,Country,1.0
560.0,Country,0
561.0,Country,0
562.0,Country,1.0
564.0,Country,1.0
565.0,Country,0
566.0,Country,1.0
567.0,Country,1.0
568.0,Country,0
569.0,Country,0
570.0,Country,1.0
571.0,Country,0
572.0,Country,0
573.0,Country,0
574.0,Country,1.0
575.0,Country,0
576.0,Country,0
577.0,Country,0
578.0,Country,1.0
580.0,Country,1.0
581.0,Country,0
582.0,Country,0
585.0,Country,1.0
588.0,Country,0
589.0,Country,1.0
590.0,Country,1.0
591.0,Country,0
592.0,Country,1.0
594.0,Country,0
595.0,Country,0
596.0,Country,1.0
597.0,Country,0
599.0,Country,0
600.0,Country,0
601.0,Country,0
602.0,Country,0
603.0,Country,0
604.0,Country,1.0
605.0,Country,0
606.0,Country,0
607.0,Country,1.0
608.0,Country,0
609.0,Country,1.0
610.0,Country,0
611.0,Country,0
613.0,Country,0
614.0,Country,0
615.0,Country,1.0
616.0,Country,0
617.0,Country,0
618.0,Country,0
619.0,Country,1.0
620.0,Country,0
622.0,Country,0
623.0,Country,1.0
624.0,Country,0
625.0,Country,0
626.0,Country,0
627.0,Country,0
628.0,Country,1.0
629.0,Country,0
630.0,Country,0
632.0,Country,0
634.0,Country,0
635.0,Country,0
636.0,Country,1.0
638.0,Country,0
639.0,Country,1.0
640.0,Country,0
641.0,Country,1.0
642.0,Country,1.0
645.0,Country,0
646.0,Country,0
647.0,Country,0
648.0,Country,1.0
649.0,Country,0
650.0,Country,0
651.0,Country,1.0
653.0,Country,0
654.0,Country,1.0
655.0,Country,0
656.0,Country,1.0
657.0,Country,1.0
658.0,Country,1.0
659.0,Country,0
660.0,Country,1.0
661.0,Country,0
662.0,Country,0
664.0,Country,0
665.0,Country,0
667.0,Country,0
668.0,Country,0
669.0,Country,0
670.0,Country,1.0
671.0,Country,0
672.0,Country,0
673.0,Country,1.0
674.0,Country,0
675.0,Country,0
676.0,Country,0
677.0,Country,0
678.0,Country,0
679.0,Country,0
680.0,Country,0
681.0,Country,0
682.0,Country,1.0
683.0,Country,1.0
684.0,Country,1.0
685.0,Country,0
686.0,Country,0
688.0,Country,1.0
689.0,Country,1.0
690.0,Country,0
691.0,Country,1.0
692.0,Country,0
693.0,Country,0
695.0,Country,0
697.0,Country,1.0
698.0,Country,0
699.0,Country,0
701.0,Country,1.0
702.0,Country,0
703.0,Country,0
704.0,Country,1.0
706.0,Country,1.0
707.0,Country,0
708.0,Country,0
709.0,Country,0
710.0,Country,0
711.0,Country,1.0
712.0,Country,0
714.0,Country,0
716.0,Country,0
717.0,Country,0
718.0,Country,0
719.0,Country,1.0
720.0,Country,0
723.0,Country,0
724.0,Country,0
725.0,Country,0
726.0,Country,1.0
727.0,Country,1.0
728.0,Country,1.0
729.0,Country,0
730.0,Country,1.0
731.0,Country,1.0
732.0,Country,0
735.0,Country,0
737.0,Country,0
738.0,Country,1.0
740.0,Country,0
742.0,Country,0
743.0,Country,0
744.0,Country,1.0
745.0,Country,0
746.0,Country,0
748.0,Country,0
749.0,Country,0
750.0,Country,0
751.0,Country,0
752.0,Country,1.0
754.0,Country,0
756.0,Country,0
757.0,Country,0
758.0,Country,0
759.0,Country,0
760.0,Country,0
761.0,Country,0
762.0,Country,0
763.0,Country,1.0
764.0,Country,1.0
765.0,Country,0
768.0,Country,0
769.0,Country,0
770.0,Country,0
771.0,Country,0
773.0,Country,0
774.0,Country,0
775.0,Country,1.0
776.0,Country,1.0
779.0,Country,0
780.0,Country,1.0
781.0,Country,0
782.0,Country,0
783.0,Country,0
785.0,Country,0
787.0,Country,0
788.0,Country,1.0
789.0,Country,1.0
790.0,Country,0
791.0,Country,1.0
792.0,Country,0
793.0,Country,0
794.0,Country,1.0
795.0,Country,0
796.0,Country,0
797.0,Country,0
798.0,Country,0
800.0,Country,0
801.0,Country,0
803.0,Country,1.0
804.0,Country,0
805.0,Country,0
806.0,Country,0
807.0,Country,0
808.0,Country,0
809.0,Country,0
810.0,Country,1.0
811.0,Country,0
812.0,Country,0
813.0,Country,0
814.0,Country,0
815.0,Country,0
816.0,Country,1.0
818.0,Country,1.0
819.0,Country,0
820.0,Country,0
821.0,Country,0
822.0,Country,0
823.0,Country,0
824.0,Country,0
825.0,Country,1.0
826.0,Country,1.0
827.0,Country,0
828.0,Country,1.0
829.0,Country,0
830.0,Country,1.0
831.0,Country,0
833.0,Country,0
834.0,Country,0
835.0,Country,0
836.0,Country,1.0
837.0,Country,0
838.0,Country,0
839.0,Country,0
840.0,Country,0
842.0,Country,0
843.0,Country,0
844.0,Country,0
846.0,Country,0
849.0,Country,0
850.0,Country,0
851.0,Country,0
852.0,Country,1.0
853.0,Country,1.0
854.0,Country,0
855.0,Country,0
856.0,Country,0
857.0,Country,0
858.0,Country,1.0
860.0,Country,1.0
861.0,Country,1.0
863.0,Country,0
864.0,Country,0
866.0,Country,1.0
867.0,Country,0
868.0,Country,0
869.0,Country,1.0
870.0,Country,0
871.0,Country,0
872.0,Country,0
873.0,Country,1.0
874.0,Country,0
876.0,Country,0
878.0,Country,0
881.0,Country,1.0
883.0,Country,0
884.0,Country,0
885.0,Country,1.0
886.0,Country,0
887.0,Country,0
888.0,Country,0
889.0,Country,0
890.0,Country,0
891.0,Country,0
895.0,Country,0
896.0,Country,0
897.0,Country,0
899.0,Country,0
900.0,Country,1.0
901.0,Country,1.0
902.0,Country,0
903.0,Country,0
904.0,Country,0
905.0,Country,1.0
906.0,Country,0
907.0,Country,0
908.0,Country,0
909.0,Country,0
911.0,Country,0
912.0,Country,0
914.0,Country,0
916.0,Country,0
918.0,Country,0
919.0,Country,0
920.0,Country,1.0
922.0,Country,0
923.0,Country,1.0
924.0,Country,0
925.0,Country,1.0
927.0,Country,0
928.0,Country,0
929.0,Country,0
931.0,Country,1.0
932.0,Country,0
933.0,Country,0
934.0,Country,0
935.0,Country,0
936.0,Country,1.0
937.0,Country,1.0
938.0,Country,1.0
939.0,Country,0
940.0,Country,0
941.0,Country,1.0
942.0,Country,0
943.0,Country,0
944.0,Country,0
946.0,Country,0
947.0,Country,0
948.0,Country,0
949.0,Country,0
950.0,Country,0
951.0,Country,0
952.0,Country,1.0
953.0,Country,0
954.0,Country,0
955.0,Country,1.0
956.0,Country,1.0
957.0,Country,0
958.0,Country,0
959.0,Country,0
960.0,Country,0
962.0,Country,0
963.0,Country,0
964.0,Country,0
965.0,Country,0
966.0,Country,1.0
968.0,Country,1.0
969.0,Country,0
970.0,Country,0
971.0,Country,1.0
972.0,Country,0
973.0,Country,0
974.0,Country,0
976.0,Country,0
977.0,Country,0
978.0,Country,1.0
979.0,Country,1.0
980.0,Country,0
981.0,Country,1.0
982.0,Country,0
984.0,Country,0
985.0,Country,0
986.0,Country,0
988.0,Country,0
990.0,Country,1.0
992.0,Country,0
993.0,Country,1.0
994.0,Country,0
995.0,Country,0
996.0,Country,0
997.0,Country,1.0
998.0,Country,0
1000.0,Country,0
1001.0,Country,0
1002.0,Country,0
1004.0,Country,0
1008.0,Country,0
1009.0,Country,0
1010.0,Country,1.0
1011.0,Country,0
1012.0,Country,1.0
1013.0,Country,1.0
1014.0,Country,0
1015.0,Country,0
1016.0,Country,0
1017.0,Country,0
1018.0,Country,0
1020.0,Country,0
1021.0,Country,1.0
1023.0,Country,0
1024.0,Country,0
1025.0,Country,1.0
1028.0,Country,0
1029.0,Country,0
1030.0,Country,0
1031.0,Country,0
1032.0,Country,0
1033.0,Country,0
1034.0,Country,1.0
1035.0,Country,0
1036.0,Country,1.0
1037.0,Country,1.0
1038.0,Country,0
1039.0,Country,0
1042.0,Country,0
1043.0,Country,0
1044.0,Country,0
1045.0,Country,0
1048.0,Country,1.0
1050.0,Country,0
1051.0,Country,1.0
1052.0,Country,0
1053.0,Country,0
1054.0,Country,0
1055.0,Country,0
1056.0,Country,1.0
1057.0,Country,0
1058.0,Country,0
1060.0,Country,0
1061.0,Country,0
1063.0,Country,0
1064.0,Country,0
1065.0,Country,0
1066.0,Country,0
1067.0,Country,0
1068.0,Country,0
1069.0,Country,0
1070.0,Country,0
1071.0,Country,0
1072.0,Country,0
1073.0,Country,1.0
1074.0,Country,0
1075.0,Country,0
1076.0,Country,0
1077.0,Country,0
1078.0,Country,0
1079.0,Country,0
1081.0,Country,0
1082.0,Country,0
1084.0,Country,0
1085.0,Country,0
1086.0,Country,0
1089.0,Country,0
1090.0,Country,0
1091.0,Country,0
1092.0,Country,0
1093.0,Country,0
1094.0,Country,1.0
1095.0,Country,1.0
1096.0,Country,1.0
1097.0,Country,1.0
1098.0,Country,1.0
1099.0,Country,1.0
1103.0,Country,0
1104.0,Country,0
1105.0,Country,0
1106.0,Country,1.0
1107.0,Country,1.0
1108.0,Country,0
1109.0,Country,0
1111.0,Country,1.0
1112.0,Country,0
1113.0,Country,0
1114.0,Country,0
1115.0,Country,0
1117.0,Country,1.0
1119.0,Country,0
1120.0,Country,0
1121.0,Country,1.0
1122.0,Country,1.0
1123.0,Country,1.0
1124.0,Country,0
1125.0,Country,0
1127.0,Country,0
1128.0,Country,0
1131.0,Country,0
1134.0,Country,0
1136.0,Country,1.0
1137.0,Country,0
1138.0,Country,0
1139.0,Country,0
1140.0,Country,0
1141.0,Country,0
1142.0,Country,0
1143.0,Country,0
1144.0,Country,0
1146.0,Country,0
1147.0,Country,1.0
1148.0,Country,1.0
1149.0,Country,0
1150.0,Country,0
1151.0,Country,0
1152.0,Country,0
1153.0,Country,0
1154.0,Country,1.0
1155.0,Country,0
1157.0,Country,1.0
1158.0,Country,0
1160.0,Country,0
1161.0,Country,0
1164.0,Country,1.0
1165.0,Country,1.0
1167.0,Country,0
1168.0,Country,0
1169.0,Country,0
1170.0,Country,1.0
1171.0,Country,0
1172.0,Country,0
1173.0,Country,0
1174.0,Country,0
1175.0,Country,1.0
1176.0,Country,0
1177.0,Country,0
1179.0,Country,1.0
1180.0,Country,0
1181.0,Country,1.0
1182.0,Country,0
1183.0,Country,0
1184.0,Country,1.0
1185.0,Country,1.0
1186.0,Country,1.0
1187.0,Country,0
1188.0,Country,0
1189.0,Country,0
1191.0,Country,1.0
1192.0,Country,0
1193.0,Country,0
1194.0,Country,0
1195.0,Country,0
1196.0,Country,0
1197.0,Country,1.0
1198.0,Country,0
1199.0,Country,0
1201.0,Country,0
1202.0,Country,0
1203.0,Country,0
1204.0,Country,0
1205.0,Country,1.0
1206.0,Country,0
1207.0,Country,0
1208.0,Country,1.0
1210.0,Country,0
1211.0,Country,0
1213.0,Country,1.0
1215.0,Country,0
1217.0,Country,0
1218.0,Country,1.0
1219.0,Country,0
1220.0,Country,0
1222.0,Country,0
1223.0,Country,0
1224.0,Country,0
1225.0,Country,0
1226.0,Country,1.0
1228.0,Country,1.0
1229.0,Country,1.0
1231.0,Country,0
1232.0,Country,0
1234.0,Country,1.0
1237.0,Country,1.0
1239.0,Country,1.0
1242.0,Country,0
1243.0,Country,0
1244.0,Country,1.0
1245.0,Country,0
1246.0,Country,1.0
1247.0,Country,0
1249.0,Country,1.0
1252.0,Country,1.0
1253.0,Country,0
1254.0,Country,0
1255.0,Country,0
1256.0,Country,0
1258.0,Country,0
1259.0,Country,0
1260.0,Country,0
1261.0,Country,1.0
1263.0,Country,1.0
1264.0,Country,0
1265.0,Country,0
1266.0,Country,0
1267.0,Country,0
1268.0,Country,1.0
1269.0,Country,0
1270.0,Country,1.0
1271.0,Country,0
1275.0,Country,1.0
1276.0,Country,1.0
1278.0,Country,0
1279.0,Country,0
1281.0,Country,0
1283.0,Country,0
1284.0,Country,0
1288.0,Country,0
1290.0,Country,1.0
1291.0,Country,0
1294.0,Country,0
1295.0,Country,0
1296.0,Country,0
1297.0,Country,1.0
1298.0,Country,1.0
1299.0,Country,0
1300.0,Country,0
1305.0,Country,0
1306.0,Country,0
1307.0,Country,0
1308.0,Country,0
1309.0,Country,1.0
1312.0,Country,0
1313.0,Country,0
1315.0,Country,0
1316.0,Country,0
1318.0,Country,0
1319.0,Country,1.0
1320.0,Country,1.0
1321.0,Country,0
1323.0,Country,1.0
1324.0,Country,0
1325.0,Country,0
1326.0,Country,0
1327.0,Country,0
1329.0,Country,0
1330.0,Country,0
1332.0,Country,0
1333.0,Country,0
1336.0,Country,0
1337.0,Country,0
1341.0,Country,1.0
1342.0,Country,0
1344.0,Country,0
1345.0,Country,0
1346.0,Country,0
1347.0,Country,1.0
1349.0,Country,0
1350.0,Country,0
1351.0,Country,1.0
1352.0,Country,1.0
1353.0,Country,0
1355.0,Country,0
1356.0,Country,0
1357.0,Country,0
1359.0,Country,1.0
1360.0,Country,1.0
1363.0,Country,1.0
1364.0,Country,0
1365.0,Country,0
1366.0,Country,0
1367.0,Country,1.0
1369.0,Country,1.0
1370.0,Country,1.0
1371.0,Country,0
1373.0,Country,0
1374.0,Country,0
1376.0,Country,0
1377.0,Country,0
1379.0,Country,0
1380.0,Country,0
1381.0,Country,0
1382.0,Country,0
1384.0,Country,0
1385.0,Country,0
1387.0,Country,0
1389.0,Country,0
1391.0,Country,1.0
1392.0,Country,1.0
1393.0,Country,0
1394.0,Country,0
1395.0,Country,0
1396.0,Country,0
1397.0,Country,0
1398.0,Country,0
1399.0,Country,0
1401.0,Country,1.0
1402.0,Country,0
1403.0,Country,0
1404.0,Country,0
1405.0,Country,0
1406.0,Country,1.0
1407.0,Country,1.0
1409.0,Country,0
1410.0,Country,0
1411.0,Country,0
1413.0,Country,0
1414.0,Country,0
1416.0,Country,1.0
1417.0,Country,0
1418.0,Country,0
1419.0,Country,0
1420.0,Country,1.0
1421.0,Country,0
1425.0,Country,0
1429.0,Country,0
1434.0,Country,0
1435.0,Country,1.0
1436.0,Country,0
1437.0,Country,1.0
1438.0,Country,1.0
1439.0,Country,1.0
1440.0,Country,1.0
1441.0,Country,0
1443.0,Country,0
1444.0,Country,1.0
1445.0,Country,0
1446.0,Country,0
1447.0,Country,1.0
1448.0,Country,1.0
1450.0,Country,1.0
1451.0,Country,0
1452.0,Country,0
1453.0,Country,0
1454.0,Country,0
1455.0,Country,0
1458.0,Country,0
1460.0,Country,0
1463.0,Country,1.0
1464.0,Country,0
1466.0,Country,0
1467.0,Country,0
1469.0,Country,0
1471.0,Country,0
1472.0,Country,0
1473.0,Country,1.0
1474.0,Country,1.0
1475.0,Country,0
1476.0,Country,0
1477.0,Country,0
1478.0,Country,0
1480.0,Country,1.0
1482.0,Country,0
1484.0,Country,0
1485.0,Country,1.0
1486.0,Country,0
1487.0,Country,0
1488.0,Country,0
1489.0,Country,0
1490.0,Country,1.0
1491.0,Country,0
1492.0,Country,0
1493.0,Country,0
1494.0,Country,1.0
1496.0,Country,0
1497.0,Country,0
1499.0,Country,0
1501.0,Country,0
1502.0,Country,1.0
1503.0,Country,0
1505.0,Country,0
1506.0,Country,0
1507.0,Country,0
1509.0,Country,0
1513.0,Country,1.0
1514.0,Country,1.0
1516.0,Country,0
1517.0,Country,0
1518.0,Country,0
1520.0,Country,1.0
1521.0,Country,1.0
1523.0,Country,0
1525.0,Country,0
1526.0,Country,0
1527.0,Country,1.0
1528.0,Country,0
1529.0,Country,0
1530.0,Country,0
1531.0,Country,0
1533.0,Country,0
1534.0,Country,0
1535.0,Country,0
1537.0,Country,0
1538.0,Country,0
1539.0,Country,1.0
1540.0,Country,0
1542.0,Country,1.0
1543.0,Country,0
1544.0,Country,0
1545.0,Country,0
1546.0,Country,0
1547.0,Country,0
1548.0,Country,1.0
1549.0,Country,0
1550.0,Country,1.0
1552.0,Country,0
1553.0,Country,0
1554.0,Country,0
1555.0,Country,1.0
1556.0,Country,1.0
1557.0,Country,0
1558.0,Country,0
1561.0,Country,1.0
1562.0,Country,0
1563.0,Country,1.0
1564.0,Country,1.0
1565.0,Country,0
1566.0,Country,1.0
1567.0,Country,0
1569.0,Country,0
1570.0,Country,0
1571.0,Country,1.0
1573.0,Country,1.0
1574.0,Country,1.0
1575.0,Country,0
1577.0,Country,1.0
1578.0,Country,0
1580.0,Country,0
1581.0,Country,1.0
1582.0,Country,0
1583.0,Country,1.0
1585.0,Country,0
1586.0,Country,0
1589.0,Country,1.0
1590.0,Country,0
1591.0,Country,0
1592.0,Country,0
1594.0,Country,0
1596.0,Country,0
1597.0,Country,0
1598.0,Country,0
1599.0,Country,1.0
1602.0,Country,0
1603.0,Country,1.0
1605.0,Country,0
1607.0,Country,0
1609.0,Country,1.0
1610.0,Country,0
1611.0,Country,0
1612.0,Country,1.0
1613.0,Country,0
1614.0,Country,1.0
1615.0,Country,1.0
1617.0,Country,1.0
1618.0,Country,1.0
1619.0,Country,0
1620.0,Country,0
1622.0,Country,0
1623.0,Country,1.0
1624.0,Country,0
1625.0,Country,0
1626.0,Country,1.0
1627.0,Country,1.0
1629.0,Country,0
1631.0,Country,0
1632.0,Country,0
1633.0,Country,1.0
1635.0,Country,0
1636.0,Country,0
1637.0,Country,1.0
1638.0,Country,1.0
1639.0,Country,1.0
1640.0,Country,0
1641.0,Country,1.0
1642.0,Country,0
1644.0,Country,1.0
1645.0,Country,0
1646.0,Country,0
1648.0,Country,0
1649.0,Country,0
1651.0,Country,0
1652.0,Country,1.0
1653.0,Country,0
1654.0,Country,1.0
1655.0,Country,1.0
1656.0,Country,1.0
1657.0,Country,0
1658.0,Country,0
1659.0,Country,1.0
1661.0,Country,0
1662.0,Country,1.0
1663.0,Country,0
1665.0,Country,1.0
1666.0,Country,0
1667.0,Country,1.0
1668.0,Country,0
1669.0,Country,1.0
1670.0,Country,1.0
1671.0,Country,0
1673.0,Country,1.0
1674.0,Country,1.0
1675.0,Country,0
1676.0,Country,1.0
1678.0,Country,0
1679.0,Country,0
1680.0,Country,0
1681.0,Country,0
1682.0,Country,0
1683.0,Country,0
1684.0,Country,1.0
1685.0,Country,1.0
1686.0,Country,0
1687.0,Country,0
1689.0,Country,0
1690.0,Country,0
1691.0,Country,1.0
1695.0,Country,0
1696.0,Country,0
1697.0,Country,1.0
1699.0,Country,0
1703.0,Country,0
1704.0,Country,0
1706.0,Country,0
1707.0,Country,0
1708.0,Country,0
1709.0,Country,0
1711.0,Country,1.0
1712.0,Country,1.0
1713.0,Country,1.0
1714.0,Country,0
1715.0,Country,0
1716.0,Country,1.0
1717.0,Country,0
1718.0,Country,1.0
1720.0,Country,0
1721.0,Country,0
1722.0,Country,0
1724.0,Country,0
1725.0,Country,0
1726.0,Country,1.0
1727.0,Country,0
1728.0,Country,0
1729.0,Country,0
1730.0,Country,1.0
1732.0,Country,0
1733.0,Country,0
1735.0,Country,0
1736.0,Country,0
1737.0,Country,0
1739.0,Country,1.0
1740.0,Country,0
1742.0,Country,0
1743.0,Country,0
1744.0,Country,0
1746.0,Country,0
1747.0,Country,0
1748.0,Country,0
1749.0,Country,1.0
1750.0,Country,0
1751.0,Country,0
1752.0,Country,0
1754.0,Country,0
1755.0,Country,1.0
1756.0,Country,0
1758.0,Country,0
1759.0,Country,1.0
1761.0,Country,0
1763.0,Country,0
1764.0,Country,0
1765.0,Country,0
1767.0,Country,1.0
1768.0,Country,0
1769.0,Country,0
1771.0,Country,0
1773.0,Country,1.0
1774.0,Country,0
1775.0,Country,0
1777.0,Country,0
1778.0,Country,0
1779.0,Country,1.0
1780.0,Country,0
1781.0,Country,1.0
1784.0,Country,1.0
1785.0,Country,0
1787.0,Country,0
1788.0,Country,0
1790.0,Country,0
1791.0,Country,0
1792.0,Country,0
1793.0,Country,0
1794.0,Country,1.0
1795.0,Country,0
1796.0,Country,1.0
1797.0,Country,0
1798.0,Country,1.0
1799.0,Country,0
1800.0,Country,0
1801.0,Country,0
1802.0,Country,0
1803.0,Country,0
1804.0,Country,1.0
1805.0,Country,0
1806.0,Country,0
1807.0,Country,0
1808.0,Country,0
1809.0,Country,0
1810.0,Country,1.0
1811.0,Country,0
1812.0,Country,1.0
1813.0,Country,0
1815.0,Country,1.0
1816.0,Country,0
1817.0,Country,0
1819.0,Country,0
1820.0,Country,0
1821.0,Country,0
1822.0,Country,1.0
1823.0,Country,0
1824.0,Country,0
1825.0,Country,0
1826.0,Country,0
1828.0,Country,0
1830.0,Country,1.0
1833.0,Country,0
1836.0,Country,0
1837.0,Country,0
1840.0,Country,0
1841.0,Country,0
1842.0,Country,1.0
1843.0,Country,1.0
1844.0,Country,1.0
1846.0,Country,0
1847.0,Country,1.0
1849.0,Country,0
1850.0,Country,0
1854.0,Country,0
1855.0,Country,0
1857.0,Country,0
1859.0,Country,0
1860.0,Country,0
1861.0,Country,1.0
1862.0,Country,0
1866.0,Country,0
1868.0,Country,0
1870.0,Country,0
1871.0,Country,1.0
1874.0,Country,0
1876.0,Country,0
1877.0,Country,0
1878.0,Country,0
1879.0,Country,1.0
1880.0,Country,0
1881.0,Country,0
1882.0,Country,1.0
1883.0,Country,0
1885.0,Country,0
1887.0,Country,0
1888.0,Country,0
1889.0,Country,1.0
1890.0,Country,0
1892.0,Country,0
1893.0,Country,1.0
1894.0,Country,1.0
1896.0,Country,1.0
1898.0,Country,0
1899.0,Country,0
1900.0,Country,1.0
1901.0,Country,0
1903.0,Country,0
1904.0,Country,0
1905.0,Country,1.0
1908.0,Country,0
1909.0,Country,0
1910.0,Country,1.0
1912.0,Country,0
1914.0,Country,0
1916.0,Country,1.0
1920.0,Country,1.0
1922.0,Country,0
1924.0,Country,0
1925.0,Country,0
1928.0,Country,0
1929.0,Country,1.0
1930.0,Country,0
1931.0,Country,1.0
1932.0,Country,0
1936.0,Country,1.0
1937.0,Country,0
1938.0,Country,0
1939.0,Country,0
1941.0,Country,1.0
1943.0,Country,0
1946.0,Country,0
1947.0,Country,0
1949.0,Country,0
1950.0,Country,1.0
1951.0,Country,0
1952.0,Country,1.0
1953.0,Country,0
1955.0,Country,0
1956.0,Country,0
1958.0,Country,0
1961.0,Country,0
1962.0,Country,1.0
1963.0,Country,0
1965.0,Country,1.0
1967.0,Country,0
1969.0,Country,0
1972.0,Country,1.0
1975.0,Country,0
1977.0,Country,0
1978.0,Country,1.0
1983.0,Country,0
1984.0,Country,1.0
1986.0,Country,1.0
1987.0,Country,0
1992.0,Country,0
1994.0,Country,0
1995.0,Country,1.0
1998.0,Country,0
2001.0,Country,0
2005.0,Country,0
2006.0,Country,0
2007.0,Country,0
2008.0,Country,1.0
2010.0,Country,0
2011.0,Country,0
2012.0,Country,0
2014.0,Country,0
2016.0,Country,0
2017.0,Country,1.0
2018.0,Country,1.0
2019.0,Country,1.0
2022.0,Country,0
2023.0,Country,0
2025.0,Country,0
2027.0,Country,0
2028.0,Country,0
2029.0,Country,0
2030.0,Country,0
2031.0,Country,0
2034.0,Country,1.0
2035.0,Country,0
2038.0,Country,0
2040.0,Country,0
2041.0,Country,0
2043.0,Country,1.0
2044.0,Country,1.0
2045.0,Country,0
2047.0,Country,1.0
2048.0,Country,0
2049.0,Country,0
2050.0,Country,0
2051.0,Country,0
2053.0,Country,0
2054.0,Country,1.0
2055.0,Country,0
2059.0,Country,0
2060.0,Country,0
2062.0,Country,1.0
2064.0,Country,0
2065.0,Country,1.0
2068.0,Country,1.0
2069.0,Country,0
2070.0,Country,0
2071.0,Country,0
2074.0,Country,0
2076.0,Country,0
2079.0,Country,0
2083.0,Country,0
2085.0,Country,1.0
2086.0,Country,0
2087.0,Country,1.0
2088.0,Country,1.0
2090.0,Country,0
2092.0,Country,1.0
2094.0,Country,0
2095.0,Country,0
2096.0,Country,0
2098.0,Country,0
2103.0,Country,0
2104.0,Country,0
2106.0,Country,0
2107.0,Country,0
2108.0,Country,1.0
2109.0,Country,1.0
2111.0,Country,0
2113.0,Country,0
2114.0,Country,0
2116.0,Country,0
2117.0,Country,0
2118.0,Country,0
2119.0,Country,1.0
2120.0,Country,1.0
2124.0,Country,1.0
2125.0,Country,0
2128.0,Country,0
2132.0,Country,0
2133.0,Country,0
2136.0,Country,1.0
2137.0,Country,0
2138.0,Country,0
2139.0,Country,0
2140.0,Country,0
2141.0,Country,0
2142.0,Country,1.0
2145.0,Country,0
2147.0,Country,0
2149.0,Country,0
2150.0,Country,0
2152.0,Country,0
2154.0,Country,0
2155.0,Country,0
2158.0,Country,1.0
2159.0,Country,0
2162.0,Country,0
2163.0,Country,0
2164.0,Country,0
2165.0,Country,1.0
2167.0,Country,0
2168.0,Country,1.0
2169.0,Country,0
2170.0,Country,0
2171.0,Country,0
2172.0,Country,1.0
2173.0,Country,1.0
2174.0,Country,0
2175.0,Country,1.0
2179.0,Country,0
2182.0,Country,0
2183.0,Country,0
2187.0,Country,0
2192.0,Country,1.0
2197.0,Country,1.0
2200.0,Country,0
2201.0,Country,1.0
2205.0,Country,1.0
2207.0,Country,1.0
2209.0,Country,0
2210.0,Country,0
2214.0,Country,0
2215.0,Country,0
2217.0,Country,1.0
2218.0,Country,0
2229.0,Country,0
2230.0,Country,1.0
2231.0,Country,0
2233.0,Country,0
2236.0,Country,1.0
2237.0,Country,0
2238.0,Country,0
2240.0,Country,0
2242.0,Country,1.0
2243.0,Country,1.0
2245.0,Country,0
2246.0,Country,1.0
2247.0,Country,0
2250.0,Country,0
2251.0,Country,0
2252.0,Country,0
2254.0,Country,0
2256.0,Country,0
2257.0,Country,0
2260.0,Country,0
2261.0,Country,0
2263.0,Country,0
2265.0,Country,0
2266.0,Country,0
2268.0,Country,0
2269.0,Country,1.0
2271.0,Country,1.0
2272.0,Country,0
2273.0,Country,1.0
2275.0,Country,0
2276.0,Country,0
2277.0,Country,1.0
2278.0,Country,0
2279.0,Country,0
2280.0,Country,0
2281.0,Country,1.0
2282.0,Country,0
2283.0,Country,1.0
2284.0,Country,0
2285.0,Country,0
2286.0,Country,0
2287.0,Country,0
2288.0,Country,0
2290.0,Country,1.0
2292.0,Country,0
2293.0,Country,0
2294.0,Country,1.0
2295.0,Country,1.0
2296.0,Country,0
2297.0,Country,1.0
2298.0,Country,0
2299.0,Country,0
2300.0,Country,0
2302.0,Country,0
2304.0,Country,0
2305.0,Country,0
2306.0,Country,0
2307.0,Country,0
2308.0,Country,0
2309.0,Country,1.0
2310.0,Country,0
2312.0,Country,0
2313.0,Country,0
2314.0,Country,0
2315.0,Country,0
2316.0,Country,0
2317.0,Country,1.0
2318.0,Country,1.0
2319.0,Country,0
2320.0,Country,1.0
2322.0,Country,0
2324.0,Country,0
2327.0,Country,1.0
2328.0,Country,1.0
2329.0,Country,0
2330.0,Country,0
2331.0,Country,1.0
2332.0,Country,0
2334.0,Country,1.0
2335.0,Country,0
2336.0,Country,0
2337.0,Country,0
2339.0,Country,1.0
2340.0,Country,0
2342.0,Country,0
2343.0,Country,0
2345.0,Country,0
2346.0,Country,0
2347.0,Country,1.0
2348.0,Country,1.0
2349.0,Country,0
2350.0,Country,0
2351.0,Country,1.0
2352.0,Country,0
2355.0,Country,1.0
2356.0,Country,0
2357.0,Country,1.0
2359.0,Country,0
2360.0,Country,1.0
2361.0,Country,0
2362.0,Country,0
2363.0,Country,1.0
2364.0,Country,0
2365.0,Country,0
2366.0,Country,0
2367.0,Country,0
2371.0,Country,0
2372.0,Country,1.0
2373.0,Country,1.0
2374.0,Country,0
2375.0,Country,0
2377.0,Country,0
2378.0,Country,1.0
2379.0,Country,0
2382.0,Country,1.0
2383.0,Country,0
2384.0,Country,0
2385.0,Country,0
2386.0,Country,1.0
2388.0,Country,0
2389.0,Country,1.0
2390.0,Country,0
2392.0,Country,0
2393.0,Country,0
2394.0,Country,0
2396.0,Country,1.0
2397.0,Country,1.0
2398.0,Country,1.0
2399.0,Country,0
2400.0,Country,0
2401.0,Country,0
2402.0,Country,0
2403.0,Country,0
2405.0,Country,1.0
2406.0,Country,1.0
2407.0,Country,0
2408.0,Country,0
2409.0,Country,1.0
2410.0,Country,0
2411.0,Country,1.0
2413.0,Country,0
2414.0,Country,1.0
2415.0,Country,0
2416.0,Country,0
2417.0,Country,1.0
2418.0,Country,0
2421.0,Country,1.0
2422.0,Country,0
2423.0,Country,1.0
2424.0,Country,1.0
2425.0,Country,0
2426.0,Country,0
2428.0,Country,0
2429.0,Country,0
2430.0,Country,0
2431.0,Country,0
2432.0,Country,0
2434.0,Country,0
2435.0,Country,0
2437.0,Country,1.0
2438.0,Country,0
2439.0,Country,1.0
2441.0,Country,0
2442.0,Country,1.0
2443.0,Country,0
2444.0,Country,1.0
2445.0,Country,1.0
2446.0,Country,1.0
2448.0,Country,1.0
2449.0,Country,0
2450.0,Country,0
2451.0,Country,0
2453.0,Country,0
2454.0,Country,0
2455.0,Country,0
2456.0,Country,0
2458.0,Country,0
2461.0,Country,0
2462.0,Country,0
2463.0,Country,1.0
2464.0,Country,0
2466.0,Country,1.0
2468.0,Country,1.0
2471.0,Country,0
2472.0,Country,1.0
2474.0,Country,0
2477.0,Country,0
2481.0,Country,0
2483.0,Country,1.0
2484.0,Country,1.0
2485.0,Country,0
2486.0,Country,0
2489.0,Country,0
2490.0,Country,1.0
2492.0,Country,1.0
2493.0,Country,0
2494.0,Country,0
2496.0,Country,0
2497.0,Country,0
2498.0,Country,0
2499.0,Country,1.0
2500.0,Country,0
2501.0,Country,1.0
2502.0,Country,0
2503.0,Country,0
2504.0,Country,1.0
2505.0,Country,0
2506.0,Country,0
2512.0,Country,0
2513.0,Country,1.0
2518.0,Country,0
2519.0,Country,1.0
2520.0,Country,0
2523.0,Country,0
2526.0,Country,1.0
2528.0,Country,1.0
2529.0,Country,0
2533.0,Country,1.0
2534.0,Country,0
2536.0,Country,1.0
2543.0,Country,0
2546.0,Country,1.0
2547.0,Country,0
2548.0,Country,0
2554.0,Country,0
2555.0,Country,0
2557.0,Country,0
2559.0,Country,0
2560.0,Country,0
2563.0,Country,0
2568.0,Country,1.0
2571.0,Country,0
2573.0,Country,1.0
2575.0,Country,0
2579.0,Country,0
2581.0,Country,0
2584.0,Country,0
2587.0,Country,1.0
2589.0,Country,0
2590.0,Country,0
2592.0,Country,0
2595.0,Country,0
2596.0,Country,0
2598.0,Country,1.0
2600.0,Country,0
2602.0,Country,0
2605.0,Country,1.0
2607.0,Country,1.0
2608.0,Country,1.0
2609.0,Country,0
2615.0,Country,0
2617.0,Country,0
2620.0,Country,0
2625.0,Country,0
2627.0,Country,0
2629.0,Country,0
2631.0,Country,0
2632.0,Country,1.0
2633.0,Country,0
2635.0,Country,0
2636.0,Country,1.0
2641.0,Country,0
2644.0,Country,1.0
2646.0,Country,0
2649.0,Country,0
2650.0,Country,1.0
2652.0,Country,1.0
2653.0,Country,1.0
2654.0,Country,0
2661.0,Country,0
2663.0,Country,1.0
2666.0,Country,0
2667.0,Country,0
2671.0,Country,1.0
2673.0,Country,0
2674.0,Country,0
2675.0,Country,0
2677.0,Country,0
2680.0,Country,0
2681.0,Country,0
2683.0,Country,0
2684.0,Country,1.0
2685.0,Country,0
2687.0,Country,0
2691.0,Country,0
2692.0,Country,0
2693.0,Country,1.0
2696.0,Country,0
2698.0,Country,1.0
2702.0,Country,0
2703.0,Country,0
2704.0,Country,0
2710.0,Country,0
2711.0,Country,0
2719.0,Country,0
2721.0,Country,0
2722.0,Country,0
2733.0,Country,0
2738.0,Country,0
2740.0,Country,1.0
2743.0,Country,0
2744.0,Country,0
2747.0,Country,1.0
2751.0,Country,0
2753.0,Country,0
2758.0,Country,0
2759.0,Country,0
2760.0,Country,0
2763.0,Country,0
2766.0,Country,1.0
2767.0,Country,0
2769.0,Country,0
2770.0,Country,0
2772.0,Country,0
2776.0,Country,0
2778.0,Country,0
2779.0,Country,0
2783.0,Country,1.0
2784.0,Country,1.0
2786.0,Country,0
2787.0,Country,0
2788.0,Country,0
2790.0,Country,1.0
2793.0,Country,0
2797.0,Country,0
2798.0,Country,0
2799.0,Country,1.0
2803.0,Country,0
2805.0,Country,0
2816.0,Country,1.0
2818.0,Country,1.0
2819.0,Country,1.0
2821.0,Country,0
2822.0,Country,1.0
2823.0,Country,0
2828.0,Country,0
2830.0,Country,0
2831.0,Country,0
2833.0,Country,1.0
2835.0,Country,0
2837.0,Country,1.0
2838.0,Country,1.0
2840.0,Country,0
2842.0,Country,0
2843.0,Country,0
2845.0,Country,0
2847.0,Country,0
2850.0,Country,0
2851.0,Country,0
2852.0,Country,0
2853.0,Country,0
2854.0,Country,0
2856.0,Country,0
2857.0,Country,0
2858.0,Country,1.0
2863.0,Country,1.0
2871.0,Country,0
2872.0,Country,1.0
2873.0,Country,0
2874.0,Country,0
2877.0,Country,0
2878.0,Country,0
2879.0,Country,0
2881.0,Country,0
2882.0,Country,0
2883.0,Country,0
2884.0,Country,0
2887.0,Country,0
2889.0,Country,0
2891.0,Country,0
2892.0,Country,1.0
2893.0,Country,0
2894.0,Country,0
2895.0,Country,1.0
2897.0,Country,0
2901.0,Country,1.0
2902.0,Country,1.0
2904.0,Country,0
2906.0,Country,0
2907.0,Country,1.0
2908.0,Country,0
2909.0,Country,0
2910.0,Country,0
2911.0,Country,0
2912.0,Country,0
2913.0,Country,1.0
2914.0,Country,0
2919.0,Country,0
2920.0,Country,0
2921.0,Country,0
2922.0,Country,0
2924.0,Country,0
2925.0,Country,0
2928.0,Country,0
2929.0,Country,1.0
2931.0,Country,0
2936.0,Country,0
2937.0,Country,0
2938.0,Country,0
2940.0,Country,0
2941.0,Country,0
2942.0,Country,1.0
2945.0,Country,0
2949.0,Country,0
2951.0,Country,1.0
2954.0,Country,0
2955.0,Country,0
2956.0,Country,0
2958.0,Country,0
2959.0,Country,0
2960.0,Country,0
2961.0,Country,0
2963.0,Country,1.0
2964.0,Country,0
2970.0,Country,0
2971.0,Country,0
2972.0,Country,0
2974.0,Country,0
2975.0,Country,1.0
2979.0,Country,0
2980.0,Country,0
2982.0,Country,0
2993.0,Country,0
2997.0,Country,1.0
3000.0,Country,0
3001.0,Country,0
3002.0,Country,0
3003.0,Country,0
3004.0,Country,0
3007.0,Country,1.0
3008.0,Country,0
3009.0,Country,0
3010.0,Country,0
3011.0,Country,1.0
3012.0,Country,0
3013.0,Country,0
3015.0,Country,0
3019.0,Country,1.0
3021.0,Country,1.0
3022.0,Country,1.0
3023.0,Country,0
3024.0,Country,1.0
3027.0,Country,0
3029.0,Country,0
3033.0,Country,0
3034.0,Country,0
3037.0,Country,0
3039.0,Country,0
3043.0,Country,0
3045.0,Country,1.0
3046.0,Country,0
3048.0,Country,0
3049.0,Country,0
3051.0,Country,0
3052.0,Country,0
3053.0,Country,1.0
3054.0,Country,0
3055.0,Country,0
3056.0,Country,1.0
3057.0,Country,0
3059.0,Country,0
3060.0,Country,0
3061.0,Country,0
3062.0,Country,0
3064.0,Country,0
3065.0,Country,0
3066.0,Country,0
3067.0,Country,0
3069.0,Country,0
3071.0,Country,1.0
3073.0,Country,0
3074.0,Country,1.0
3075.0,Country,1.0
3077.0,Country,0
3079.0,Country,0
3082.0,Country,0
3087.0,Country,0
3094.0,Country,0
3098.0,Country,0
3100.0,Country,0
3101.0,Country,0
3104.0,Country,0
3106.0,Country,0
3110.0,Country,0
3113.0,Country,0
3115.0,Country,0
3117.0,Country,0
3118.0,Country,0
3119.0,Country,0
3127.0,Country,0
3128.0,Country,0
3129.0,Country,0
3130.0,Country,0
3131.0,Country,1.0
3135.0,Country,0
3136.0,Country,0
3137.0,Country,0
3140.0,Country,1.0
3141.0,Country,1.0
3142.0,Country,0
3146.0,Country,0
3147.0,Country,0
3150.0,Country,1.0
3152.0,Country,0
3155.0,Country,0
3160.0,Country,0
3161.0,Country,0
3167.0,Country,0
3169.0,Country,0
3170.0,Country,0
3171.0,Country,0
3172.0,Country,0
3173.0,Country,0
3175.0,Country,0
3178.0,Country,0
3180.0,Country,0
3182.0,Country,0
3183.0,Country,0
3186.0,Country,0
3190.0,Country,0
3191.0,Country,0
3199.0,Country,0
3200.0,Country,1.0
3201.0,Country,1.0
3202.0,Country,0
3204.0,Country,0
3211.0,Country,0
3212.0,Country,0
3215.0,Country,0
3218.0,Country,0
3221.0,Country,0
3224.0,Country,0
3230.0,Country,0
3231.0,Country,0
3233.0,Country,1.0
3237.0,Country,0
3239.0,Country,0
3240.0,Country,1.0
3242.0,Country,0
3243.0,Country,0
3246.0,Country,1.0
3250.0,Country,0
3253.0,Country,1.0
3254.0,Country,0
3255.0,Country,0
3256.0,Country,0
3260.0,Country,0
3265.0,Country,0
3266.0,Country,0
3269.0,Country,1.0
3273.0,Country,0
3274.0,Country,1.0
3276.0,Country,0
3277.0,Country,0
3279.0,Country,0
3280.0,Country,0
3281.0,Country,0
3283.0,Country,0
3286.0,Country,0
3287.0,Country,0
3290.0,Country,0
3291.0,Country,0
3293.0,Country,0
3294.0,Country,0
3296.0,Country,0
3297.0,Country,0
3300.0,Country,0
3302.0,Country,0
3305.0,Country,0
3306.0,Country,0
3309.0,Country,0
3310.0,Country,1.0
3314.0,Country,0
3315.0,Country,1.0
3319.0,Country,1.0
3320.0,Country,0
3326.0,Country,0
3327.0,Country,0
3333.0,Country,1.0
3338.0,Country,0
3339.0,Country,0
3340.0,Country,0
3342.0,Country,1.0
3343.0,Country,0
3344.0,Country,0
3347.0,Country,0
3348.0,Country,1.0
3352.0,Country,1.0
3353.0,Country,0
3356.0,Country,0
3357.0,Country,0
3359.0,Country,1.0
3365.0,Country,0
3368.0,Country,0
3371.0,Country,0
3374.0,Country,0
3375.0,Country,0
3376.0,Country,1.0
3377.0,Country,0
3380.0,Country,0
3381.0,Country,0
3382.0,Country,1.0
3383.0,Country,1.0
3394.0,Country,1.0
3395.0,Country,0
3399.0,Country,0
3402.0,Country,0
3409.0,Country,0
3416.0,Country,0
3428.0,Country,0
3429.0,Country,0
3432.0,Country,1.0
3436.0,Country,1.0
3437.0,Country,1.0
3438.0,Country,0
3439.0,Country,0
3444.0,Country,0
3445.0,Country,0
3447.0,Country,0
3449.0,Country,1.0
3455.0,Country,1.0
3458.0,Country,0
3459.0,Country,0
3470.0,Country,0
3473.0,Country,0
3474.0,Country,1.0
3477.0,Country,0
3487.0,Country,0
3489.0,Country,1.0
3491.0,Country,0
3492.0,Country,0
3495.0,Country,1.0
3496.0,Country,0
3498.0,Country,0
3500.0,Country,0
3504.0,Country,1.0
3506.0,Country,0
3513.0,Country,0
3516.0,Country,1.0
3520.0,Country,1.0
3531.0,Country,0
3534.0,Country,0
3537.0,Country,1.0
3542.0,Country,1.0
3544.0,Country,0
3548.0,Country,1.0
3549.0,Country,0
3551.0,Country,0
3563.0,Country,0
3569.0,Country,0
3570.0,Country,0
3584.0,Country,0
3585.0,Country,0
3586.0,Country,1.0
3589.0,Country,0
3590.0,Country,0
3610.0,Country,0
3614.0,Country,1.0
3617.0,Country,0
3622.0,Country,0
3624.0,Country,0
3626.0,Country,1.0
3629.0,Country,1.0
3633.0,Country,0
3636.0,Country,1.0
3638.0,Country,0
3640.0,Country,0
3643.0,Country,1.0
3647.0,Country,0
3658.0,Country,0
3659.0,Country,0
3665.0,Country,1.0
3667.0,Country,0
3670.0,Country,1.0
3680.0,Country,1.0
3689.0,Country,0
3691.0,Country,0
3693.0,Country,0
3695.0,Country,0
3701.0,Country,0
3707.0,Country,1.0
3708.0,Country,1.0
3710.0,Country,1.0
3714.0,Country,0
3719.0,Country,0
3736.0,Country,1.0
3737.0,Country,0
3738.0,Country,1.0
3744.0,Country,0
3746.0,Country,0
3749.0,Country,0
3761.0,Country,0
3772.0,Country,0
3775.0,Country,0
3781.0,Country,0
3791.0,Country,0
3796.0,Country,0
3797.0,Country,1.0
3798.0,Country,1.0
3801.0,Country,0
3805.0,Country,0
3807.0,Country,0
3816.0,Country,0
3820.0,Country,0
3822.0,Country,0
3824.0,Country,0
3829.0,Country,0
3833.0,Country,0
3849.0,Country,0
3854.0,Country,0
3857.0,Country,1.0
3860.0,Country,1.0
3862.0,Country,1.0
3863.0,Country,1.0
3865.0,Country,0
3874.0,Country,0
3890.0,Country,0
3891.0,Country,0
3896.0,Country,0
3897.0,Country,0
3908.0,Country,0
3912.0,Country,0
3913.0,Country,0
3925.0,Country,0
3926.0,Country,0
3933.0,Country,1.0
3947.0,Country,0
3948.0,Country,0
3952.0,Country,0
3953.0,Country,0
3955.0,Country,0
3958.0,Country,0
3960.0,Country,0
3963.0,Country,0
3992.0,Country,0
3998.0,Country,0
4006.0,Country,0
4012.0,Country,0
4014.0,Country,1.0
4015.0,Country,0
4022.0,Country,1.0
4028.0,Country,0
4030.0,Country,0
4033.0,Country,0
4038.0,Country,0
4050.0,Country,0
4060.0,Country,1.0
4061.0,Country,0
4073.0,Country,1.0
4076.0,Country,0
4078.0,Country,0
4095.0,Country,1.0
4110.0,Country,1.0
4122.0,Country,0
4171.0,Country,0
4174.0,Country,0
4186.0,Country,0
4189.0,Country,0
4202.0,Country,0
4214.0,Country,0
4241.0,Country,0
4278.0,Country,0
4284.0,Country,0
4367.0,Country,0
4379.0,Country,0
4389.0,Country,0
4429.0,Country,0
4469.0,Country,0
4488.0,Country,0
4511.0,Country,0
4514.0,Country,0
4517.0,Country,0
4547.0,Country,0
4564.0,Country,0
4568.0,Country,1.0
4569.0,Country,0
4570.0,Country,0
4572.0,Country,1.0
4573.0,Country,1.0
4575.0,Country,0
4578.0,Country,0
4580.0,Country,0
4581.0,Country,0
4582.0,Country,1.0
4584.0,Country,0
4585.0,Country,1.0
4589.0,Country,0
4590.0,Country,1.0
4592.0,Country,0
4593.0,Country,0
4594.0,Country,0
4595.0,Country,1.0
4596.0,Country,0
4597.0,Country,0
4598.0,Country,1.0
4599.0,Country,1.0
4600.0,Country,0
4601.0,Country,1.0
4602.0,Country,0
4605.0,Country,0
4606.0,Country,0
4609.0,Country,1.0
4610.0,Country,0
4614.0,Country,1.0
4616.0,Country,0
4617.0,Country,0
4619.0,Country,0
4621.0,Country,0
4623.0,Country,0
4624.0,Country,1.0
4627.0,Country,0
4629.0,Country,1.0
4630.0,Country,0
4633.0,Country,0
4636.0,Country,0
4637.0,Country,1.0
4639.0,Country,1.0
4640.0,Country,0
4642.0,Country,0
4643.0,Country,1.0
4644.0,Country,1.0
4645.0,Country,0
4646.0,Country,1.0
4648.0,Country,0
4649.0,Country,1.0
4652.0,Country,1.0
4653.0,Country,0
4655.0,Country,0
4656.0,Country,1.0
4657.0,Country,0
4660.0,Country,0
4661.0,Country,1.0
4663.0,Country,0
4666.0,Country,0
4667.0,Country,0
4669.0,Country,1.0
4670.0,Country,0
4673.0,Country,1.0
4674.0,Country,0
4675.0,Country,0
4676.0,Country,0
4680.0,Country,0
4681.0,Country,1.0
4682.0,Country,1.0
4683.0,Country,0
4684.0,Country,0
4688.0,Country,0
4689.0,Country,0
4690.0,Country,1.0
4694.0,Country,1.0
4695.0,Country,0
4696.0,Country,1.0
4698.0,Country,0
4700.0,Country,0
4701.0,Country,0
4702.0,Country,0
4703.0,Country,0
4704.0,Country,0
4707.0,Country,0
4708.0,Country,0
4709.0,Country,0
4710.0,Country,0
4712.0,Country,0
4713.0,Country,1.0
4715.0,Country,0
4718.0,Country,0
4719.0,Country,0
4723.0,Country,0
4724.0,Country,1.0
4727.0,Country,0
4728.0,Country,0
4729.0,Country,0
4730.0,Country,0
4731.0,Country,1.0
4732.0,Country,0
4734.0,Country,0
4735.0,Country,0
4736.0,Country,0
4738.0,Country,1.0
4739.0,Country,0
4740.0,Country,1.0
4742.0,Country,0
4743.0,Country,0
4744.0,Country,0
4745.0,Country,1.0
4746.0,Country,0
4748.0,Country,0
4749.0,Country,0
4751.0,Country,0
4752.0,Country,1.0
4754.0,Country,0
4756.0,Country,0
4758.0,Country,0
4759.0,Country,0
4762.0,Country,0
4763.0,Country,0
4764.0,Country,0
4766.0,Country,0
4767.0,Country,0
4768.0,Country,0
4770.0,Country,0
4775.0,Country,0
4777.0,Country,1.0
4779.0,Country,0
4780.0,Country,0
4781.0,Country,0
4782.0,Country,0
4783.0,Country,0
4785.0,Country,0
4786.0,Country,0
4791.0,Country,0
4793.0,Country,1.0
4795.0,Country,1.0
4798.0,Country,1.0
4799.0,Country,1.0
4800.0,Country,0
4801.0,Country,0
4802.0,Country,0
4803.0,Country,0
4804.0,Country,1.0
4805.0,Country,1.0
4808.0,Country,0
4810.0,Country,0
4812.0,Country,1.0
4814.0,Country,0
4815.0,Country,0
4817.0,Country,1.0
4821.0,Country,1.0
4822.0,Country,0
4825.0,Country,0
4826.0,Country,0
4828.0,Country,1.0
4829.0,Country,0
4830.0,Country,1.0
4832.0,Country,0
4833.0,Country,0
4835.0,Country,0
4842.0,Country,0
4843.0,Country,0
4844.0,Country,0
4845.0,Country,1.0
4847.0,Country,1.0
4848.0,Country,0
4852.0,Country,0
4856.0,Country,0
4857.0,Country,0
4858.0,Country,0
4859.0,Country,0
4863.0,Country,0
4866.0,Country,0
4868.0,Country,0
4873.0,Country,1.0
4877.0,Country,0
4880.0,Country,1.0
4884.0,Country,1.0
4888.0,Country,0
4894.0,Country,0
4896.0,Country,0
4898.0,Country,0
4899.0,Country,0
4903.0,Country,0
4904.0,Country,0
4909.0,Country,0
4910.0,Country,1.0
4911.0,Country,1.0
4912.0,Country,0
4913.0,Country,0
4915.0,Country,0
4916.0,Country,0
4920.0,Country,0
4922.0,Country,1.0
4924.0,Country,1.0
4927.0,Country,0
4928.0,Country,1.0
4929.0,Country,0
4930.0,Country,1.0
4932.0,Country,1.0
4933.0,Country,0
4934.0,Country,0
4939.0,Country,0
4940.0,Country,1.0
4942.0,Country,0
4944.0,Country,1.0
4945.0,Country,1.0
4946.0,Country,0
4948.0,Country,0
4950.0,Country,1.0
4956.0,Country,1.0
4963.0,Country,0
4964.0,Country,0
4966.0,Country,0
4967.0,Country,0
4968.0,Country,0
4969.0,Country,0
4970.0,Country,1.0
4972.0,Country,1.0
4974.0,Country,0
4976.0,Country,0
4982.0,Country,1.0
4983.0,Country,0
4986.0,Country,0
4989.0,Country,1.0
4993.0,Country,0
4997.0,Country,0
